id,symbol,name,image,current_price,market_cap,market_cap_rank,fully_diluted_valuation,total_volume,high_24h,low_24h,price_change_24h,price_change_percentage_24h,market_cap_change_24h,market_cap_change_percentage_24h,circulating_supply,total_supply,max_supply,ath,ath_change_percentage,ath_date,atl,atl_change_percentage,atl_date,roi,last_updated,price_change_percentage_1h_in_currency,price_change_percentage_24h_in_currency,roi.times,roi.currency,roi.percentage
bitcoin,btc,Bitcoin,https://assets.coingecko.com/coins/images/1/large/bitcoin.png?1547033579,51359.0,968620906804,1,1076595089076.0,34556338949.0,51515.0,47379.0,3672.81,7.70208,70277467224.0,7.82301,18893862.0,21000000.0,21000000.0,69045.0,-25.749,2021-11-10T14:24:11.849Z,67.81,75504.17174,2013-07-06T00:00:00.000Z,,2021-12-07T10:44:27.802Z,-0.10042605712587546,7.702080027694863,,,
ethereum,eth,Ethereum,https://assets.coingecko.com/coins/images/279/large/ethereum.png?1595348880,4402.93,521758846243,2,,27773679801.0,4421.61,3947.7,447.1,11.30239,53037857025.0,11.31544,118640441.0615,,,4878.26,-9.84863,2021-11-10T14:24:19.604Z,0.432979,1015612.12693,2015-10-20T00:00:00.000Z,,2021-12-07T10:44:31.416Z,-0.1708493522806886,11.302389547196112,113.84174043915989,btc,11384.17404391599
binancecoin,bnb,Binance Coin,https://assets.coingecko.com/coins/images/825/large/binance-coin-logo.png?1547034615,589.99,99127279226,3,99127279226.0,2193948255.0,594.51,540.95,39.36,7.14901,6610558556.0,7.14526,168137035.9,168137035.9,168137035.9,686.31,-14.09635,2021-05-10T07:24:17.097Z,0.0398177,1480554.25742,2017-10-19T00:00:00.000Z,,2021-12-07T10:45:09.020Z,-0.06570073011444758,7.1490065368194635,,,
tether,usdt,Tether,https://assets.coingecko.com/coins/images/325/large/Tether-logo.png?1598003707,1.0,77128061334,4,,77605583012.0,1.02,0.99421,0.00163033,0.16307,791505190.0,1.03686,77041290049.2203,77041290049.2203,,1.32,-24.33453,2018-07-24T00:00:00.000Z,0.572521,74.86281,2015-03-02T00:00:00.000Z,,2021-12-07T10:43:35.635Z,0.018112461767537467,0.1630658547856005,,,
solana,sol,Solana,https://assets.coingecko.com/coins/images/4128/large/Solana.jpg?1635329178,202.12,61741664125,5,,3072017394.0,203.42,177.67,23.25,12.99835,6837333288.0,12.45318,305911221.573665,508180963.57,,259.96,-22.32948,2021-11-06T21:54:35.825Z,0.500801,40217.73601,2020-05-11T19:35:23.449Z,,2021-12-07T10:43:55.689Z,-0.5071898409447947,12.998353756955963,,,
cardano,ada,Cardano,https://assets.coingecko.com/coins/images/975/large/cardano.png?1547034860,1.47,46996558125,6,65952078532.0,2342262691.0,1.47,1.26,0.191658,14.98128,6089822495.0,14.88709,32066390668.4135,45000000000.0,45000000000.0,3.09,-52.45806,2021-09-02T06:00:10.474Z,0.01925275,7522.69086,2020-03-13T02:22:55.044Z,,2021-12-07T10:45:56.707Z,0.5795102475982582,14.981278625495401,,,
usd-coin,usdc,USD Coin,https://assets.coingecko.com/coins/images/6319/large/USD_Coin_icon.png?1547042389,1.0,40807856212,7,,4699391479.0,1.01,0.99357,0.00160357,0.1606,222883209.0,0.54918,40815012871.6605,40815012512.7247,,1.17,-14.74209,2019-05-08T00:40:28.300Z,0.891848,12.10708,2021-05-19T13:14:05.611Z,,2021-12-07T10:45:50.791Z,-0.008979751074803704,0.1606034024817046,,,
ripple,xrp,XRP,https://assets.coingecko.com/coins/images/44/large/xrp-symbol-white-128.png?1605778731,0.838766,39575953097,8,83763424876.0,3614251050.0,0.841812,0.752832,0.07634,10.01277,3655761686.0,10.17746,47247295769.0,100000000000.0,100000000000.0,3.4,-75.35246,2018-01-07T00:00:00.000Z,0.00268621,31082.79247,2014-05-22T00:00:00.000Z,,2021-12-07T10:45:03.796Z,0.08688785883711403,10.012770848944756,,,
polkadot,dot,Polkadot,https://assets.coingecko.com/coins/images/12171/large/aJGBjJFU_400x400.jpg?1597804776,29.06,30800755133,9,,1538382035.0,29.13,24.98,3.66,14.42076,3851710706.0,14.29257,1062716484.99114,1143665617.77084,,54.98,-47.20328,2021-11-04T14:10:09.301Z,2.7,976.12957,2020-08-20T05:48:11.359Z,,2021-12-07T10:44:30.143Z,-0.054343709759637905,14.420755729272683,,,
terra-luna,luna,Terra,https://assets.coingecko.com/coins/images/8284/large/luna1557227471663.png?1567147072,72.35,27663129395,10,72121755590.0,3579322582.0,72.12,60.32,11.01,17.958,3654390775.0,15.22109,383561508.84921,856711077.445073,1000000000.0,77.73,-6.94422,2021-12-05T09:49:05.708Z,0.121798,59287.16118,2020-03-18T17:03:01.083Z,,2021-12-07T10:44:45.301Z,3.9196781691857687,17.957998813365027,,,
dogecoin,doge,Dogecoin,https://assets.coingecko.com/coins/images/5/large/dogecoin.png?1547792256,0.180729,23887881148,11,,1616728678.0,0.181465,0.160406,0.01881495,11.62035,2424184178.0,11.29435,132426963311.491,,,0.731578,-75.34298,2021-05-08T05:08:23.458Z,8.69e-05,207469.07777,2015-05-06T00:00:00.000Z,,2021-12-07T10:45:16.826Z,-0.16362980063367424,11.620345356292464,,,
avalanche-2,AVAX,Avalanche,https://assets.coingecko.com/coins/images/12559/large/coin-round-red.png?1604021818,93.93,22752412462,12,67474963052.0,1470818026.0,96.29,77.54,15.42,19.63933,3635751828.0,19.01876,242782451.914233,377752194.4695483,720000000.0,144.96,-35.28478,2021-11-21T14:18:56.538Z,2.8,3249.15465,2020-12-31T13:15:21.540Z,,2021-12-07T10:45:10.168Z,-0.9949860022359388,19.639326330143017,,,
shiba-inu,shib,Shiba Inu,https://assets.coingecko.com/coins/images/11939/large/shiba.png?1622619446,3.821e-05,20904714889,13,,2186066405.0,3.856e-05,3.334e-05,4.61e-06,13.70562,2503183608.0,13.60313,549151396083392.9,1000000000000000.0,,8.616e-05,-55.81729,2021-10-28T03:54:55.568Z,5.6e-11,67535340.0088,2020-11-28T11:26:25.838Z,,2021-12-07T10:45:58.914Z,0.05148170437221416,13.705616092005895,,,
crypto-com-chain,cro,Crypto.com Coin,https://assets.coingecko.com/coins/images/7310/large/cypto.png?1547043960,0.654876,16538964308,14,,693105966.0,0.655666,0.512115,0.135758,26.15172,3286947090.0,24.80337,25263013692.0,30263013692.0,,0.965407,-32.18705,2021-11-24T15:53:54.855Z,0.0121196,5301.75583,2019-02-08T00:00:00.000Z,,2021-12-07T10:45:53.586Z,0.6169357460803193,26.151724989361185,,,
matic-network,matic,Polygon,https://assets.coingecko.com/coins/images/4713/large/matic-token-icon.png?1624446912,2.31,15862037527,15,23079137230.0,4403992699.0,2.42,1.74,0.536627,30.1978,3681235200.0,30.22162,6872890164.27,10000000000.0,10000000000.0,2.62,-11.93672,2021-05-18T19:38:18.813Z,0.00314376,73303.59269,2019-05-10T00:00:00.000Z,,2021-12-07T10:46:13.960Z,-0.8063415950625563,30.197804228599384,878.7209387476547,usd,87872.09387476547
binance-usd,busd,Binance USD,https://assets.coingecko.com/coins/images/9576/large/BUSD.png?1568947766,1.0,13356942018,16,,6185068163.0,1.01,0.993926,-0.000158788371,-0.01587,-203483419.3330288,-1.50057,13352139798.84,13352139798.84,,1.15,-13.31529,2020-03-13T02:35:42.953Z,0.901127,11.02966,2021-05-19T13:04:37.445Z,,2021-12-07T10:44:47.116Z,0.16490218332973597,-0.015865993027053802,,,
wrapped-bitcoin,wbtc,Wrapped Bitcoin,https://assets.coingecko.com/coins/images/7598/large/wrapped_bitcoin_wbtc.png?1548822744,51276.0,13153659722,17,13153659722.0,452173595.0,51426.0,47378.0,3796.14,7.99528,977878158.0,8.03134,256689.84405604,256689.84405604,256689.84405604,70643.0,-27.46188,2021-11-10T14:40:19.650Z,3139.17,1532.38513,2019-04-02T00:00:00.000Z,,2021-12-07T10:45:38.507Z,-0.24511521653932228,7.995281128333266,,,
algorand,algo,Algorand,https://assets.coingecko.com/coins/images/4380/large/download.png?1547039725,1.78,11214782923,18,17786605235.0,535617690.0,1.8,1.62,0.102682,6.11773,633283429.0,5.98482,6305184589.71304,6754515580.40258,10000000000.0,3.56,-49.99946,2019-06-20T14:51:19.480Z,0.105336,1590.40461,2020-03-13T02:20:48.438Z,,2021-12-07T10:46:14.700Z,-0.4099292121030136,6.117731198913811,-0.2578720786893617,usd,-25.787207868936168
litecoin,ltc,Litecoin,https://assets.coingecko.com/coins/images/2/large/litecoin.png?1547033580,161.17,11096691378,19,13482520341.0,1485665120.0,164.09,141.95,17.99,12.5636,1214569068.0,12.29057,69135595.7334713,84000000.0,84000000.0,410.26,-60.87723,2021-05-10T03:13:07.904Z,1.15,13871.01918,2015-01-14T00:00:00.000Z,,2021-12-07T10:46:06.116Z,0.23955839912146873,12.563603783824885,,,
chainlink,link,Chainlink,https://assets.coingecko.com/coins/images/877/large/chainlink-new-logo.png?1547034700,20.06,9348749384,20,20018325761.0,1084782523.0,20.19,17.35,2.48,14.12032,1148946159.0,14.01187,467009553.9174637,1000000000.0,1000000000.0,52.7,-62.01196,2021-05-10T00:13:57.214Z,0.148183,13409.22789,2017-11-29T00:00:00.000Z,,2021-12-07T10:45:33.946Z,-0.1417589638673091,14.120319343077748,,,
tron,trx,TRON,https://assets.coingecko.com/coins/images/1094/large/tron-logo.png?1547035066,0.090973,9257017858,21,,1978256870.0,0.091614,0.079503,0.0108847,13.59082,1100666990.0,13.4946,101895989759.282,101900409184.273,,0.231673,-60.75784,2018-01-05T00:00:00.000Z,0.00180434,4938.59048,2017-11-12T00:00:00.000Z,,2021-12-07T10:44:25.253Z,-0.16122307785396137,13.590816365646639,46.880713657723945,usd,4688.0713657723945
dai,dai,Dai,https://assets.coingecko.com/coins/images/9956/large/4943.png?1636636734,0.999606,8943077415,22,8943077415.0,798608870.0,1.01,0.995236,0.00064592,0.06466,92890398.0,1.04959,8948639309.28298,8948639309.28298,8948639309.28298,1.22,-18.01186,2020-03-13T03:02:50.373Z,0.903243,10.64336,2019-11-25T00:04:18.137Z,,2021-12-07T10:43:20.870Z,-0.06556639893714866,0.06465919242747348,,,
bitcoin-cash,bch,Bitcoin Cash,https://assets.coingecko.com/coins/images/780/large/bitcoin-cash-circle.png?1594689492,471.66,8913899052,23,9893532549.0,2391859801.0,479.53,428.75,40.67,9.4359,772659228.0,9.49068,18920631.1466527,21000000.0,21000000.0,3785.82,-87.55565,2017-12-20T00:00:00.000Z,76.93,512.3635,2018-12-16T00:00:00.000Z,,2021-12-07T10:44:37.559Z,0.1977365298840108,9.435903825082764,,,
terrausd,ust,TerraUSD,https://assets.coingecko.com/coins/images/12681/large/UST.png?1601612407,1.0,8289474390,24,,225499242.0,1.02,0.995597,0.00045199,0.04512,92296279.0,1.12595,8277684400.51931,8277454905.96791,,1.09,-8.28666,2021-01-11T22:30:57.984Z,0.857992,16.71721,2021-05-19T13:14:26.898Z,,2021-12-07T10:45:56.901Z,0.15901414095079006,0.045122998922843285,,,
uniswap,uni,Uniswap,https://assets.coingecko.com/coins/images/12504/large/uniswap-uni.png?1600306604,17.54,7935108735,25,17518230013.0,290357925.0,17.6,15.26,2.1,13.57714,951749343.0,13.62882,452962926.5555916,1000000000.0,1000000000.0,44.92,-60.96934,2021-05-03T05:25:04.822Z,1.03,1601.83581,2020-09-17T01:20:38.214Z,,2021-12-07T10:45:19.780Z,-0.12618877268282586,13.577144805643595,,,
stellar,xlm,Stellar,https://assets.coingecko.com/coins/images/100/large/Stellar_symbol_black_RGB.png?1552356157,0.29331,7212427362,26,14643915661.0,805393847.0,0.299466,0.249327,0.0423904,16.89402,1038679188.0,16.82413,24626908321.1086,50001802494.5721,50001802494.5721,0.875563,-66.55092,2018-01-03T00:00:00.000Z,0.00047612,61410.8941,2015-03-05T00:00:00.000Z,,2021-12-07T10:44:17.238Z,-0.14213068979050056,16.894022862779238,,,
axie-infinity,axs,Axie Infinity,https://assets.coingecko.com/coins/images/13029/large/axie_infinity_logo.png?1604471082,108.96,7169630442,27,29388547969.0,415487419.0,109.37,95.9,9.62,9.68687,558306757.0,8.4447,65869202.56360951,270000000.0,270000000.0,164.9,-33.94133,2021-11-06T19:29:29.482Z,0.123718,87946.29107,2020-11-06T08:05:43.662Z,,2021-12-07T10:44:19.167Z,0.2251220059670744,9.686872183409147,,,
okb,okb,OKB,https://assets.coingecko.com/coins/images/4463/large/okb_token.png?1548386209,27.16,7138474759,28,,925219453.0,27.51,23.92,2.34,9.41666,647594338.0,9.97699,262680011.32,300000000.0,,44.01,-38.24482,2021-05-03T01:03:16.108Z,0.580608,4580.53383,2019-01-14T00:00:00.000Z,,2021-12-07T10:44:52.277Z,-0.5086198732944878,9.416664749141843,,,
cosmos,atom,Cosmos,https://assets.coingecko.com/coins/images/1481/large/cosmos_hub.png?1555657960,24.91,7057083740,29,,710990474.0,25.26,22.22,2.44,10.84825,666558148.0,10.43041,283595899.867567,,,44.42,-43.97886,2021-09-20T00:05:25.062Z,1.16,2045.10318,2020-03-13T02:27:44.591Z,,2021-12-07T10:45:14.010Z,-0.8028949598655151,10.848250691360644,248.1435068046331,usd,24814.35068046331
compound-ether,ceth,cETH,https://assets.coingecko.com/coins/images/10643/large/ceth2.JPG?1581389598,88.15,6929182096,30,,26535274.0,88.6,79.22,8.86,11.18134,726204893.0,11.70736,78662766.8475242,78649599.0089557,,97.75,-9.88574,2021-11-21T12:39:57.508Z,1.89,4569.86922,2020-03-13T02:22:33.711Z,,2021-12-07T10:43:50.846Z,-0.025989799978473893,11.181337654283478,,,
staked-ether,steth,Lido Staked Ether,https://assets.coingecko.com/coins/images/13442/large/steth_logo.png?1608607546,4362.84,6708906696,31,6709114166.0,15775228.0,4383.28,3919.0,441.6,11.26167,698954368.0,11.62995,1538580.80356046,1538628.38358945,1538628.38358945,4829.57,-9.71345,2021-11-10T14:40:47.256Z,482.9,802.9793,2020-12-22T04:08:21.854Z,,2021-12-07T10:45:26.034Z,-0.0019276821293075536,11.261665632614507,,,
vechain,vet,VeChain,https://assets.coingecko.com/coins/images/1167/large/VeChain-Logo-768x725.png?1547035194,0.096698,6448357381,32,,536623660.0,0.097232,0.080511,0.01456671,17.73582,964392085.0,17.58567,66760741299.0,86712634466.0,,0.280991,-65.62558,2021-04-19T01:08:21.675Z,0.00191713,4938.20259,2020-03-13T02:29:59.652Z,,2021-12-07T10:44:19.909Z,-0.38739587401195735,17.73582277338267,6.691163325404899,eth,669.1163325404899
ftx-token,ftt,FTX Token,https://assets.coingecko.com/coins/images/9026/large/F.png?1609051564,44.39,6174629171,33,14857026342.0,177130918.0,44.58,40.16,3.74,9.20118,519051597.0,9.17769,139295691.31874424,335165027.385972,335165027.385972,84.18,-47.34285,2021-09-09T16:59:43.151Z,1.15,3755.56164,2019-09-06T00:00:00.000Z,,2021-12-07T10:45:20.091Z,-0.19200991246594634,9.201184583056683,,,
elrond-erd-2,egld,Elrond,https://assets.coingecko.com/coins/images/12335/large/elrond3_360.png?1626341589,306.04,6172836911,34,,244617464.0,310.88,264.97,37.15,13.8171,715069502.0,13.10187,20180291.0,20397843.0,,545.64,-43.92147,2021-11-23T10:33:26.737Z,6.51,4602.66636,2020-10-07T01:44:53.554Z,,2021-12-07T10:44:45.945Z,0.7809075561793953,13.817098897392238,,,
internet-computer,icp,Internet Computer,https://assets.coingecko.com/coins/images/14495/large/Internet_Computer_logo.png?1620703073,30.7,5631010999,35,14382121798.0,292945189.0,31.16,26.87,3.23,11.74999,605275148.0,12.04351,183710553.9,469213710.0,469213710.0,700.65,-95.62191,2021-05-10T16:05:53.653Z,24.29,26.28224,2021-12-04T05:33:43.785Z,,2021-12-07T10:44:51.020Z,-0.2901274527790982,11.749986584846713,,,
decentraland,mana,Decentraland,https://assets.coingecko.com/coins/images/878/large/decentraland-mana.png?1550108745,4.01,5340140315,36,8826517606.0,1467512022.0,4.08,3.25,0.714163,21.64456,926353323.0,20.98772,1327372145.9864838,2193963627.32015,2193963627.32015,5.85,-31.23884,2021-11-25T10:04:18.534Z,0.00923681,43455.00367,2017-10-31T00:00:00.000Z,,2021-12-07T10:44:54.562Z,-1.080139903135265,21.64456133585842,199.68339938262474,usd,19968.339938262474
filecoin,fil,Filecoin,https://assets.coingecko.com/coins/images/12817/large/filecoin.png?1602753933,39.73,5324502135,37,78182246886.0,651078281.0,39.76,35.66,3.24,8.88907,506288784.0,10.50781,134237709.0,1971077378.0,1971077378.0,236.84,-83.23292,2021-04-01T13:29:41.564Z,20.06,97.96609,2020-12-29T22:32:28.483Z,,2021-12-07T10:45:08.959Z,0.2900391272966659,8.889071742986784,,,
hedera-hashgraph,hbar,Hedera,https://assets.coingecko.com/coins/images/3688/large/hbar.png?1637045634,0.286664,5238296383,38,,76160349.0,0.288767,0.240267,0.04074595,16.5689,727925525.0,16.13893,18287622674.0,50000000000.0,,0.569229,-49.6794,2021-09-15T10:40:28.318Z,0.00986111,2804.73818,2020-01-02T17:30:24.852Z,,2021-12-07T10:44:46.635Z,0.5337648059066632,16.56889877771885,,,
ethereum-classic,etc,Ethereum Classic,https://assets.coingecko.com/coins/images/453/large/ethereum-classic-logo.png?1547034169,39.81,5205111084,39,8341889143.0,1124937330.0,40.01,35.31,4.16,11.66835,530214921.0,11.34175,131471047.693045,210700000.0,210700000.0,167.09,-76.30368,2021-05-06T18:34:22.133Z,0.615038,6337.5031,2016-07-25T00:00:00.000Z,,2021-12-07T10:46:00.352Z,0.2049169615087948,11.66835018953614,87.45943936879567,usd,8745.943936879567
the-sandbox,sand,The Sandbox,https://assets.coingecko.com/coins/images/12129/large/sandbox_logo.jpg?1597397942,5.61,5124202583,40,16830745822.0,1335671122.0,5.75,4.79,0.688223,13.99041,672367140.0,15.10314,913364619.2233225,3000000000.0,3000000000.0,8.4,-33.18584,2021-11-25T06:04:40.957Z,0.02897764,19260.61336,2020-11-04T15:59:14.441Z,,2021-12-07T10:45:42.745Z,-0.4241009025329496,13.990407202129804,,,
theta-token,theta,Theta Network,https://assets.coingecko.com/coins/images/2538/large/theta-token-logo.png?1548387191,4.85,4847473226,41,,224497438.0,4.89,4.18,0.612493,14.44338,609325435.0,14.37716,1000000000.0,1000000000.0,,15.72,-69.1631,2021-04-16T13:15:11.190Z,0.04039979,11898.75711,2020-03-13T02:24:16.483Z,,2021-12-07T10:46:10.233Z,-0.23308001913161835,14.443379486042558,31.354284880072555,usd,3135.4284880072555
cdai,cdai,cDAI,https://assets.coingecko.com/coins/images/9281/large/cDAI.png?1576467585,0.02176489,4662643030,42,,25892893.0,0.02203604,0.02152889,5.609e-05,0.25837,-14765457.576441765,-0.31568,214308752204.863,214320646732.62,,0.03159087,-31.12264,2020-10-12T21:29:00.007Z,0.00728854,198.5364,2020-03-18T04:29:40.819Z,,2021-12-07T10:45:15.706Z,0.15709370641605208,0.2583688158114078,,,
fantom,ftm,Fantom,https://assets.coingecko.com/coins/images/4001/large/Fantom.png?1558015016,1.69,4267071511,43,5331419824.0,678946550.0,1.7,1.37,0.319947,23.3353,794475074.0,22.87842,2541152731.01,3175000000.0,3175000000.0,3.46,-51.1433,2021-10-28T05:19:39.845Z,0.00190227,88727.82302,2020-03-13T02:25:38.280Z,,2021-12-07T10:44:23.251Z,-0.3696170378629364,23.335304347487085,55.36781725558893,usd,5536.781725558893
near,near,Near,https://assets.coingecko.com/coins/images/10365/large/near_icon.png?1601359077,7.4,4224042392,44,7394458622.0,169384917.0,7.48,6.66,0.610324,8.98696,333902084.0,8.58329,571244307.108182,1000000000.0,1000000000.0,13.2,-43.92456,2021-10-26T13:09:48.238Z,0.526762,1304.92833,2020-11-04T16:09:15.137Z,,2021-12-07T10:44:38.830Z,-0.6376475043335893,8.986961982094481,,,
gala,gala,Gala,https://assets.coingecko.com/coins/images/12493/large/GALA-COINGECKO.png?1600233435,0.508274,3830900746,45,25395442407.0,1143728225.0,0.532914,0.42871,0.07296,16.76042,509906671.0,15.35404,7542496572.319239,36302990153.0539,50000000000.0,0.824837,-38.39236,2021-11-26T01:03:48.731Z,0.00013475,377016.78801,2020-12-28T08:46:48.367Z,,2021-12-07T10:44:44.508Z,1.1755652984864693,16.760419602986794,,,
compound-usd-coin,cusdc,cUSDC,https://assets.coingecko.com/coins/images/9442/large/Compound_USDC.png?1567581577,0.02240765,3768299797,46,,16087101.0,0.02266766,0.02216307,6.18e-05,0.27655,-77430831.39038372,-2.01342,168285104895.567,168284630857.93,,0.058843,-61.93473,2020-10-21T11:24:27.820Z,0.00620705,260.86207,2021-03-04T08:11:37.438Z,,2021-12-07T10:45:14.159Z,0.15877920343784396,0.27654823510725485,,,
magic-internet-money,mim,Magic Internet Money,https://assets.coingecko.com/coins/images/16786/large/mimlogopng.png?1624979612,1.0,3712371959,47,,431879386.0,1.02,0.992173,0.00160043,0.16021,5194371.0,0.14012,3719652207.24997,3719652207.24997,,1.04,-3.93789,2021-10-06T13:25:17.751Z,0.919196,8.79718,2021-12-04T05:29:56.806Z,,2021-12-07T10:45:28.155Z,-0.01950485432817486,0.16020585570171225,,,
monero,xmr,Monero,https://assets.coingecko.com/coins/images/69/large/monero_logo.png?1547033729,203.63,3669745240,48,,145916184.0,204.32,186.61,14.39,7.60532,254284987.0,7.44512,18042056.4117022,,,542.33,-62.48885,2018-01-09T00:00:00.000Z,0.216177,94004.77361,2015-01-14T00:00:00.000Z,,2021-12-07T10:45:44.644Z,-0.09375170762742276,7.605323640197701,,,
bittorrent-2,btt,BitTorrent,https://assets.coingecko.com/coins/images/7595/large/BTT_Token_Graphic.png?1555066995,0.00390712,3644156457,49,,3643059827.0,0.00396178,0.00233601,0.00154387,65.32798,1437714248.0,65.15984,932497500000.0,990000000000.0,,0.01356626,-71.24091,2021-04-05T04:09:06.433Z,0.00013814,2724.27488,2020-03-13T02:22:57.629Z,,2021-12-07T10:44:30.930Z,1.2101820165294321,65.32798486478502,31.559355680958593,usd,3155.9355680958593
tezos,xtz,Tezos,https://assets.coingecko.com/coins/images/976/large/Tezos-logo.png?1547034862,4.2,3636067304,50,,203602590.0,4.25,3.75,0.424202,11.22571,347546436.0,10.56847,868961131.58003,,,9.12,-54.09879,2021-10-04T00:41:18.025Z,0.350476,1093.91466,2018-12-07T00:00:00.000Z,,2021-12-07T10:45:10.764Z,0.37269332001974165,11.225713686189529,7.9426376832296235,usd,794.2637683229624
the-graph,grt,The Graph,https://assets.coingecko.com/coins/images/13397/large/Graph_Token.png?1608145566,0.717565,3552446204,51,7166748281.0,146963958.0,0.724482,0.608835,0.098362,15.88534,476690742.0,15.49833,4956845231.0,10000000000.0,10000000000.0,2.84,-74.76179,2021-02-12T07:28:45.775Z,0.103254,594.54236,2020-12-17T21:28:41.332Z,,2021-12-07T10:45:22.468Z,-0.06257603315449128,15.885336029153033,,,
klay-token,klay,Klaytn,https://assets.coingecko.com/coins/images/9672/large/CjbT82vP_400x400.jpg?1570548320,1.37,3503456243,52,,27768959.0,1.37,1.19,0.167044,13.84732,427074620.0,13.88237,2551403388.8,,,4.34,-68.34989,2021-03-30T03:44:28.828Z,0.06044,2172.13791,2020-04-29T08:19:34.574Z,,2021-12-07T10:44:22.549Z,0.6183117751110456,13.847320993317169,,,
leo-token,leo,LEO Token,https://assets.coingecko.com/coins/images/8418/large/leo-token.png?1558326215,3.67,3448180146,53,,1164060.0,3.7,3.47,-0.006709556535,-0.18261,139927.0,0.00406,939999433.9,985239504.0,,3.95,-7.01747,2021-05-14T13:54:31.192Z,0.799859,358.6156,2019-12-24T15:14:35.376Z,,2021-12-07T10:43:42.254Z,-0.4558538232545909,-0.18260538309011273,,,
helium,hnt,Helium,https://assets.coingecko.com/coins/images/4284/large/Helium_HNT.png?1612620071,33.59,3370478076,54,7475844247.0,30360750.0,33.66,28.45,3.91,13.18522,405996617.0,13.69537,100539361.984279,223000000.0,223000000.0,54.88,-38.91076,2021-11-12T23:08:25.301Z,0.113248,29502.34811,2020-04-18T00:19:10.902Z,,2021-12-07T10:45:18.876Z,0.3147959860082121,13.185223220944161,,,
iota,miota,IOTA,https://assets.coingecko.com/coins/images/692/large/IOTA_Swirl.png?1604238557,1.21,3347397174,55,,66822287.0,1.22,1.03,0.147628,13.911,397236648.0,13.46492,2779530283.277761,2779530283.0,,5.25,-77.05556,2017-12-19T00:00:00.000Z,0.081637,1375.18611,2020-03-13T02:22:41.168Z,,2021-12-07T10:44:24.377Z,-0.0734280712728777,13.910998119301144,16.599393084504612,btc,1659.939308450461
loopring,lrc,Loopring,https://assets.coingecko.com/coins/images/913/large/LRC.png?1572852344,2.58,3215200134,56,3546843917.0,1013656101.0,2.58,1.81,0.722382,38.78591,894521358.0,38.54568,1245991468.94246,1373873440.44246,1374513896.0,3.75,-31.19408,2021-11-10T14:59:53.164Z,0.01963893,13037.7456,2019-12-18T13:14:41.553Z,,2021-12-07T10:46:04.923Z,1.6709388365811915,38.785908127310385,42.08111834784636,usd,4208.111834784637
flow,flow,Flow,https://assets.coingecko.com/coins/images/13446/large/5f6294c0c7a8cda55cb1c936_Flow_Wordmark.png?1631696776,10.19,3202761983,57,,99835773.0,10.34,8.68,1.49,17.09319,472965504.0,17.32604,314343134.0,1391836785.92247,,42.4,-75.96764,2021-04-05T13:49:10.098Z,4.95,105.83916,2021-01-27T15:34:04.000Z,,2021-12-07T10:44:32.162Z,-0.4620488184916173,17.09318547420188,,,
eos,eos,EOS,https://assets.coingecko.com/coins/images/738/large/eos-eos-logo.png?1547034481,3.26,3176314929,58,,1072873308.0,3.31,2.83,0.38807,13.49534,374544551.0,13.36814,976518517.9345,,,22.71,-85.67639,2018-04-29T07:50:33.540Z,0.5024,547.50687,2017-10-23T00:00:00.000Z,,2021-12-07T10:46:05.733Z,0.03043847774210773,13.495338945943972,2.2966229542179546,usd,229.66229542179545
radix,xrd,Radix,https://assets.coingecko.com/coins/images/4374/large/Radix.png?1629701658,0.317661,3088122241,59,7634514682.0,3032401.0,0.328677,0.262233,0.04458457,16.32676,462706295.0,17.62411,9707877564.7477,12107877564.7477,24000000000.0,0.651264,-51.18668,2021-11-14T16:09:27.130Z,0.086235,268.64668,2021-09-13T04:50:07.104Z,,2021-12-07T10:45:23.497Z,-2.8697213311500613,16.32675601575553,,,
pancakeswap-token,cake,PancakeSwap,https://assets.coingecko.com/coins/images/12632/large/pancakeswap-cake-logo_%281%29.png?1629359065,12.43,3059641452,60,,177985492.0,12.45,11.15,0.979561,8.55833,115110965.0,3.90931,246816467.929557,,,43.96,-71.80363,2021-04-30T10:08:22.934Z,0.194441,6275.43173,2020-11-03T14:29:34.165Z,,2021-12-07T10:45:38.686Z,0.027523262210287256,8.55833166006663,,,
olympus,ohm,Olympus,https://assets.coingecko.com/coins/images/14483/large/token_OHM_%281%29.png?1628311611,533.56,3006978242,61,3521962614.0,130302572.0,572.43,514.21,10.2,1.94934,94060973.0,3.2291,5640137.696284543,6606085.08023194,6606085.08023194,1415.26,-62.31384,2021-04-25T00:00:00.000Z,162.79,227.63636,2021-05-23T22:25:07.703Z,,2021-12-07T10:45:28.082Z,-0.37981816168370225,1.9493409746022488,,,
bitcoin-cash-sv,bsv,Bitcoin SV,https://assets.coingecko.com/coins/images/6799/large/BSV.png?1558947902,150.27,2837685835,62,,751918813.0,153.73,113.64,35.57,31.01241,671198677.0,30.98097,18917251.644239,21000000.0,,489.75,-69.37097,2021-04-16T17:09:04.630Z,42.02,257.00985,2018-11-23T00:00:00.000Z,,2021-12-07T10:45:42.960Z,-0.10544011365021198,31.012414445915915,,,
enjincoin,enj,Enjin Coin,https://assets.coingecko.com/coins/images/1102/large/enjin-coin-logo.png?1547035078,2.94,2753088891,63,2946557942.0,346171688.0,2.98,2.4,0.523965,21.65438,491821997.0,21.74984,934340659.567558,1000000000.0,1000000000.0,4.82,-38.85964,2021-11-25T09:53:41.955Z,0.01865964,15691.07364,2017-11-12T00:00:00.000Z,,2021-12-07T10:44:31.556Z,-1.0233284493584467,21.654383789602868,,,
kusama,ksm,Kusama,https://assets.coingecko.com/coins/images/9568/large/m4zRhP5e_400x400.jpg?1576190080,299.32,2679846910,64,2984206729.0,101789441.0,300.74,257.61,37.69,14.407,331266580.0,14.10497,8980098.074112339,10000000.0,10000000.0,621.71,-51.99964,2021-05-18T05:04:41.858Z,0.876572,33944.04445,2020-01-14T19:20:20.768Z,,2021-12-07T10:45:35.543Z,0.3214424210958424,14.407000551204128,,,
amp-token,amp,Amp,https://assets.coingecko.com/coins/images/12409/large/amp-200x200.png?1599625397,0.054522,2607942983,65,5389552088.0,46086391.0,0.054444,0.04831205,0.00562744,11.50936,260622838.0,11.10299,48013928909.1577,99441427281.7644,99225164238.50153,0.120813,-55.04079,2021-06-16T16:03:41.147Z,0.00250501,2068.30845,2020-11-04T13:18:12.191Z,,2021-12-07T10:45:41.473Z,1.0279966434570504,11.509362482496282,,,
ecash,xec,eCash,https://assets.coingecko.com/coins/images/16646/large/Logo_final-22.png?1628239446,0.00013659,2591659079,66,2877014054.0,147450703.0,0.00013704,0.00011281,1.929e-05,16.44204,398715984.0,18.18178,18917127146789.4,21000000000000.0,21000000000000.0,0.00038001,-63.93898,2021-09-04T17:09:31.137Z,1.847e-05,641.94543,2021-07-20T20:49:46.212Z,,2021-12-07T10:45:31.579Z,0.6117598259349278,16.442036179870843,,,
aave,aave,Aave,https://assets.coingecko.com/coins/images/12645/large/AAVE.png?1601374110,192.36,2579411136,67,3075737373.0,272328066.0,193.21,169.77,19.78,11.46351,262446667.0,11.32718,13418108.62562695,16000000.0,16000000.0,661.69,-70.94797,2021-05-18T21:19:59.514Z,26.02,638.70548,2020-11-05T09:20:11.928Z,,2021-12-07T10:44:03.149Z,-0.25688485248972565,11.463511743948668,,,
blockstack,stx,Stacks,https://assets.coingecko.com/coins/images/2069/large/Stacks_logo_full.png?1604112510,2.41,2523095674,68,,67290339.0,2.42,2.0,0.381928,18.82553,379248326.0,17.69008,1052561461.68777,1818000000.0,,3.39,-29.28148,2021-12-01T01:32:34.725Z,0.04559639,5157.21541,2020-03-13T02:29:26.415Z,,2021-12-07T10:45:33.992Z,0.31177831211832474,18.82553280059658,19.089226382583416,usd,1908.9226382583417
maker,mkr,Maker,https://assets.coingecko.com/coins/images/1364/large/Mark_Maker.png?1585191826,2644.01,2375430720,69,2650226877.0,76491959.0,2645.48,2373.14,219.76,9.06491,189358313.0,8.66203,901310.9472893132,988873.563988944,1005577.0,6292.31,-58.11512,2021-05-03T21:54:29.333Z,168.36,1465.4351,2020-03-16T20:52:36.527Z,,2021-12-07T10:45:13.024Z,0.4565236316440959,9.064914635467643,,,
quant-network,qnt,Quant,https://assets.coingecko.com/coins/images/3370/large/5ZOu7brX_400x400.jpg?1612437252,175.84,2366066044,70,2579972199.0,66993348.0,179.31,148.66,22.96,15.02024,319335826.0,15.60224,13400967.469289193,14612493.0,14612493.0,427.42,-58.69207,2021-09-11T09:15:00.668Z,0.215773,81726.30384,2018-08-23T00:00:00.000Z,,2021-12-07T10:44:49.507Z,-1.3551688646837594,15.02024499821039,16.182763002826377,eth,1618.2763002826377
arweave,ar,Arweave,https://assets.coingecko.com/coins/images/4343/large/oRt6SiEN_400x400.jpg?1591059616,47.02,2350388788,71,3095795201.0,54877071.0,48.28,40.56,5.94,14.46856,294973694.0,14.35105,50108502.0,64598643.0,66000000.0,89.24,-47.43548,2021-11-05T04:14:42.689Z,0.298788,15598.7776,2020-01-31T06:47:36.543Z,,2021-12-07T10:44:50.285Z,-0.9545174023074557,14.468556922769773,62.5466323817012,usd,6254.66323817012
harmony,one,Harmony,https://assets.coingecko.com/coins/images/4344/large/Y88JAze.png?1565065793,0.197179,2252289681,72,2586110301.0,124435818.0,0.196572,0.158594,0.03473285,21.38118,399089044.0,21.53512,11457834583.1007,13156044839.793139,13156044839.793139,0.37902,-47.99862,2021-10-26T09:28:49.782Z,0.00127355,15376.07096,2020-03-13T02:24:14.005Z,,2021-12-07T10:44:52.910Z,1.899293666892246,21.381183469854843,61.10353555443613,usd,6110.353555443613
thorchain,rune,THORChain,https://assets.coingecko.com/coins/images/6595/large/RUNE.png?1614160507,7.72,2250293432,73,3794226456.0,97771107.0,7.71,6.67,0.880283,12.87194,227024132.0,11.22066,296541792.91730165,500000000.0,500000000.0,20.87,-63.1811,2021-05-19T00:30:09.436Z,0.00851264,90156.49137,2019-09-28T00:00:00.000Z,,2021-12-07T10:44:40.647Z,1.594436008075896,12.87194334871726,202.13315447379014,usd,20213.315447379013
zcash,zec,Zcash,https://assets.coingecko.com/coins/images/486/large/circle-zcash-color.png?1547034197,184.18,2183915911,74,3862413107.0,538485906.0,184.92,162.48,17.35,10.39837,204080756.0,10.30797,11873984.6975468,21000000.0,21000000.0,3191.93,-94.23783,2016-10-29T00:00:00.000Z,19.75,831.09078,2020-03-13T02:20:55.002Z,,2021-12-07T10:44:12.031Z,-0.2383642543996803,10.398368612785184,,,
neo,neo,NEO,https://assets.coingecko.com/coins/images/480/large/NEO_512_512.png?1594357361,30.18,2113184894,75,,216244276.0,30.17,26.16,3.77,14.28059,252148810.0,13.54884,70530000.0,100000000.0,,198.38,-84.84733,2018-01-15T00:00:00.000Z,0.078349,38266.69148,2016-10-21T00:00:00.000Z,,2021-12-07T10:45:46.962Z,0.9123869125864815,14.280593101846328,837.3288966041245,usd,83732.88966041245
basic-attention-token,bat,Basic Attention Token,https://assets.coingecko.com/coins/images/677/large/basic-attention-token.png?1547034427,1.37,2049034738,76,2058674683.0,689539642.0,1.4,1.15,0.179093,14.99682,270650363.0,15.21889,1492976103.4473505,1500000000.0,1500000000.0,1.9,-27.78694,2021-11-28T00:23:51.354Z,0.072394,1795.81108,2017-07-16T00:00:00.000Z,,2021-12-07T10:45:11.886Z,-1.2336091573048311,14.996815238939778,0.9955979998243903,eth,99.55979998243905
huobi-btc,hbtc,Huobi BTC,https://assets.coingecko.com/coins/images/12407/large/Unknown-5.png?1599624896,50997.0,2033303593,77,2033303593.0,353087.0,51155.0,47575.0,3286.21,6.88774,129878158.0,6.82339,39884.082204742,39884.082204742,39884.082204742,69325.0,-26.46192,2021-05-10T02:33:06.038Z,11209.02,354.81516,2020-10-12T03:56:16.768Z,,2021-12-07T10:43:46.287Z,0.494144780886058,6.887743382480236,,,
bitcoin-cash-abc-2,bcha,Bitcoin Cash ABC,https://assets.coingecko.com/coins/images/13120/large/Logo_final-21.png?1624892810,107.57,2021695829,78,,713.82,116.43,97.54,-6.112165411872,-5.37649,-114934194.78360105,-5.37923,18794058.3967894,21000000.0,,378.12,-71.55092,2021-09-04T17:15:31.514Z,9.21,1068.00592,2020-11-15T18:28:32.658Z,,2021-12-07T10:35:49.005Z,-0.2636447906891293,-5.376490787619681,,,
waves,waves,Waves,https://assets.coingecko.com/coins/images/425/large/waves.png?1548386117,19.81,1978376120,79,,136299526.0,20.56,18.94,-0.754134515764,-3.66803,-46398583.57367182,-2.29154,100000000.0,100000000.0,,43.01,-54.00603,2021-05-04T06:49:41.528Z,0.130878,15016.18546,2016-08-02T00:00:00.000Z,,2021-12-07T10:45:10.611Z,0.3886165759480288,-3.6680311187699965,104.3485092192007,usd,10434.85092192007
kadena,kda,Kadena,https://assets.coingecko.com/coins/images/3693/large/djLWD6mR_400x400.jpg?1591080616,12.0,1931464423,80,11997688134.0,84003193.0,13.06,9.32,2.61,27.74556,416675356.0,27.50715,160986383.48437,1000000000.0,1000000000.0,27.64,-56.57291,2021-11-11T13:22:45.731Z,0.065811,18136.01818,2020-03-13T02:00:28.582Z,,2021-12-07T10:40:18.649Z,-2.5939792043468133,27.745558587194918,11.00137344998236,usd,1100.137344998236
theta-fuel,tfuel,Theta Fuel,https://assets.coingecko.com/coins/images/8029/large/1_0YusgngOrriVg4ZYx4wOFQ.png?1553483622,0.263728,1886178774,81,,77043655.0,0.265472,0.226612,0.03700785,16.32312,49552231.0,2.698,0.0,5301200000.0,,0.68159,-61.39636,2021-06-09T06:50:55.818Z,0.00090804,28876.57158,2020-03-13T02:30:37.972Z,,2021-12-07T10:44:55.922Z,0.3212824046410579,16.32311788175657,,,
holotoken,hot,Holo,https://assets.coingecko.com/coins/images/3348/large/Holologo_Profile.png?1547037966,0.01041362,1848736065,82,,279532185.0,0.01052833,0.00852754,0.00178633,20.70552,316146773.0,20.62828,177619433541.141,177619433541.141,,0.03126682,-66.71101,2021-04-05T16:04:52.608Z,0.0002202,4626.82267,2020-03-13T02:23:01.612Z,,2021-12-07T10:44:53.618Z,-0.6438876279294512,20.705520073931087,9.43804011244581,eth,943.804011244581
chiliz,chz,Chiliz,https://assets.coingecko.com/coins/images/8834/large/Chiliz.png?1561970540,0.337867,1802352856,83,2997889347.0,294832516.0,0.340602,0.282082,0.051868,18.13573,270525572.0,17.66032,5344064580.0,8888888888.0,8888888888.0,0.878633,-61.61509,2021-03-13T08:04:21.200Z,0.00410887,8108.14916,2019-09-28T00:00:00.000Z,,2021-12-07T10:45:06.105Z,-0.19421272365376954,18.13572691033885,14.357586076525036,usd,1435.7586076525035
kucoin-shares,kcs,KuCoin Token,https://assets.coingecko.com/coins/images/1047/large/sa9z79.png?1610678720,22.38,1724744495,84,,45369227.0,22.65,19.07,2.11,10.39906,155336838.0,9.8978,77073331.0,167073331.0,,28.83,-22.37928,2021-12-01T15:09:35.541Z,0.342863,6426.79417,2019-02-07T00:00:00.000Z,,2021-12-07T10:42:52.226Z,0.31240416785184727,10.399059723720647,,,
link,ln,LINK,https://assets.coingecko.com/coins/images/6450/large/linklogo.png?1547042644,266.51,1588719595,85,,12870132.0,265.85,204.21,57.7,27.63039,337506828.0,26.97438,5976006.988273,6045959.0,,345.88,-23.13916,2021-04-01T22:19:00.034Z,1.05,25099.05843,2018-12-26T00:00:00.000Z,,2021-12-07T10:44:14.208Z,2.1449885333448666,27.630392278779414,,,
celsius-degree-token,cel,Celsius Network,https://assets.coingecko.com/coins/images/3263/large/CEL_logo.png?1609598753,3.73,1576868222,86,,3052627.0,3.82,3.68,0.01777422,0.47922,12430771.0,0.79458,423415980.3475,695090076.6871,,8.05,-53.71992,2021-06-04T00:04:12.584Z,0.02620268,14112.89185,2018-12-07T00:00:00.000Z,,2021-12-07T10:45:01.309Z,-0.16466921151068029,0.4792224937089684,11.422484603085856,usd,1142.2484603085857
curve-dao-token,crv,Curve DAO Token,https://assets.coingecko.com/coins/images/12124/large/Curve.png?1597369484,3.87,1514101852,87,12759333973.0,353167442.0,3.92,3.23,0.578749,17.5821,216989920.0,16.7287,391958099.3931446,1645033214.12621,3303030299.0,54.01,-92.84727,2020-08-14T04:53:44.010Z,0.331577,1065.01247,2020-11-05T13:09:50.181Z,,2021-12-07T10:45:41.029Z,-0.9247856158610445,17.582100765835253,,,
dash,dash,Dash,https://assets.coingecko.com/coins/images/19/large/dash-logo.png?1548385930,140.07,1462508112,88,,222605649.0,140.85,122.93,15.73,12.65221,162057586.0,12.46165,10467878.5926924,18920000.0,,1493.59,-90.64577,2017-12-20T00:00:00.000Z,0.213899,65217.69528,2014-02-14T00:00:00.000Z,,2021-12-07T10:45:12.702Z,-0.002079023058619735,12.6522125332227,,,
nexo,nexo,NEXO,https://assets.coingecko.com/coins/images/3695/large/nexo.png?1548086057,2.54,1416960592,89,2530286726.0,28326439.0,2.58,1.98,0.526074,26.18479,294286103.0,26.21295,560000010.0064,1000000000.0,1000000000.0,4.07,-37.7792,2021-05-12T14:37:47.535Z,0.04515276,5505.69022,2018-09-13T00:00:00.000Z,,2021-12-07T10:45:35.545Z,-1.0449630136114603,26.184793468274158,24.35157885179392,usd,2435.157885179392
compound-governance-token,comp,Compound,https://assets.coingecko.com/coins/images/10775/large/COMP.png?1592625425,228.31,1413785314,90,2278663755.0,90312883.0,229.47,194.28,31.9,16.243,190317197.0,15.55555,6204449.037199666,10000000.0,10000000.0,910.54,-74.94604,2021-05-12T02:29:08.794Z,61.32,272.0153,2020-06-18T12:54:32.788Z,,2021-12-07T10:45:09.775Z,-0.27518343520802374,16.24299719425351,,,
celo,celo,Celo,https://assets.coingecko.com/coins/images/11090/large/icon-celo-CELO-color-500.png?1592293590,3.83,1407962263,91,3834272951.0,47270086.0,3.85,3.4,0.395378,11.49836,144658510.0,11.45081,367204495.0,1000000000.0,1000000000.0,9.82,-60.95963,2021-08-30T14:25:09.929Z,0.800156,379.19087,2020-05-22T04:15:27.736Z,,2021-12-07T10:45:40.026Z,0.4314117887062292,11.498359246081568,,,
msol,msol,Marinade staked SOL,https://assets.coingecko.com/coins/images/17752/large/PJ7Scn3.png?1629175951,205.3,1395589664,92,1395602864.0,120814164.0,206.72,182.72,22.48,12.29729,151369648.0,12.16583,6796270.97097007,6796335.25191528,6796335.25191528,3541.84,-94.20574,2021-08-23T22:16:35.076Z,42.4,384.0268,2021-08-30T10:27:09.425Z,,2021-12-07T10:45:18.869Z,-0.5696934404108966,12.297294493514979,,,
huobi-token,ht,Huobi Token,https://assets.coingecko.com/coins/images/2822/large/huobi-token-logo.png?1547036992,8.66,1376741591,93,4320990464.0,113075311.0,8.99,8.61,-0.020204576029,-0.23272,-5234150.113013983,-0.37874,159308566.25441208,500000000.0,500000000.0,39.66,-78.17935,2021-05-12T14:42:21.586Z,0.90862,852.45989,2019-01-30T00:00:00.000Z,,2021-12-07T10:44:12.511Z,-0.5278441607795031,-0.2327236806594197,7.74907392602087,usd,774.9073926020869
wonderland,time,Wonderland,https://assets.coingecko.com/coins/images/18126/large/time.PNG?1630621941,5972.16,1364973186,94,,95024314.0,6064.74,5039.85,743.98,14.23009,171154291.0,14.3367,228574.54315,228574.54315,,10063.72,-40.66132,2021-11-07T19:15:45.691Z,548.37,988.98978,2021-09-02T23:16:06.662Z,,2021-12-07T10:44:53.115Z,0.31276599781104786,14.230089416072456,,,
frax,frax,Frax,https://assets.coingecko.com/coins/images/13422/large/frax_logo.png?1608476506,1.01,1301510206,95,1301510206.0,37580987.0,1.03,0.993163,0.01389928,1.39484,23250034.0,1.81888,1288574681.90788,1288574681.90788,1288574681.90788,1.14,-11.42353,2021-02-07T12:55:35.766Z,0.891635,13.29424,2021-12-04T05:33:57.315Z,,2021-12-07T10:44:32.433Z,0.014589047546675272,1.394837720995981,,,
decred,dcr,Decred,https://assets.coingecko.com/coins/images/329/large/decred.png?1547034093,95.87,1299151904,96,,15159780.0,98.76,86.93,8.37,9.56123,111687983.0,9.40559,13564370.3725195,21000000.0,,247.35,-61.27898,2021-04-17T00:41:14.790Z,0.43154,22094.21242,2016-12-26T00:00:00.000Z,,2021-12-07T10:45:23.679Z,0.2511584848475857,9.561231594259688,,,
true-usd,tusd,TrueUSD,https://assets.coingecko.com/coins/images/3449/large/tusd.png?1618395665,0.999902,1290550315,97,,191729573.0,1.01,0.994901,0.00065046,0.06509,29219555.0,2.31657,1291115465.92673,1290608184.12673,,1.62,-38.24193,2018-08-26T20:41:09.375Z,0.88355,13.13026,2020-03-12T10:47:51.380Z,,2021-12-07T10:44:51.712Z,0.03295422729155368,0.06509456196910768,,,
ecomi,omi,ECOMI,https://assets.coingecko.com/coins/images/4428/large/ECOMI.png?1557928886,0.00546418,1289074673,98,,9767307.0,0.00560482,0.00487228,0.00053662,10.89016,120070745.0,10.2712,237689829874.56,750000000000.0,,0.01343572,-59.63485,2021-03-19T17:20:53.999Z,3.37e-06,160784.72789,2019-11-04T10:52:42.729Z,,2021-12-07T10:42:46.299Z,0.6020482397273625,10.890157259438558,9.66070686807157,btc,966.070686807157
spell-token,spell,Spell Token,https://assets.coingecko.com/coins/images/15861/large/abracadabra-3.png?1622544862,0.01688261,1288277269,99,3540408766.0,189766649.0,0.01747167,0.0088166,0.00786817,87.28407,599258025.0,86.97261,76414404205.7129,103214939480.85785,210000000000.0,0.03506357,-51.83437,2021-11-02T08:44:42.429Z,0.00029812,5564.94833,2021-08-05T13:00:27.077Z,,2021-12-07T10:44:55.004Z,-2.527011616734932,87.28407058361309,,,
e-radix,exrd,e-Radix,https://assets.coingecko.com/coins/images/13145/large/exrd_logo.png?1605662677,0.321271,1271315784,100,7704944144.0,13024874.0,0.325949,0.260464,0.04829944,17.69395,208250027.0,19.58957,3960000000.0,,24000000000.0,0.660211,-51.35691,2021-11-14T16:24:07.330Z,0.056532,468.08318,2020-11-25T11:31:13.036Z,,2021-12-07T10:45:50.045Z,-1.2477853236159882,17.693947121854073,,,
